Workbook

Sheet Sheet1
A1: EJ発注番号 | B1: 発注担当者 | C1: EJ連番 | D1: EJ品目コード | E1: EJ品目名 | F1: EJ数 | G1: EJステータス | H1: EJ発注種別 | I1: EJ納期 | J1: EJ仕入先コード | K1: rBOM発注番号+行番号 | L1: 受入済み番号（参考） | O1: 単価
A2: E8595256 | B2: 4 | C2: 1 | D2: BRT-140X210-5 | E2: TAPER ROLLER BEARING(HR32028XJ) | F2: 2 | G2: 2 | H2: 1 | I2: 46052 | J2: 3062 | K2: 000051400+001
A3: E8674119 | B3: J | C3: 1 | D3: FPS-17-001AA | E3: JOINT | F3: 204 | G3: 2 | H3: 1 | I3: 45999 | K3: 000020764+001 | L3: 000020764+001
A4: E8674119 | B4: J | C4: 1 | D4: FPS-17-001AA | E4: JOINT | F4: 84 | G4: 2 | H4: 1 | I4: 45999 | K4: 000020847+001 | L4: 000020764+001
A5: E8674119 | B5: J | C5: 1 | D5: FPS-17-001AA | E5: JOINT | F5: 22 | G5: 2 | H5: 1 | I5: 45999 | K5: 000020981+001 | L5: 000020764+001
A6: E8674119 | B6: J | C6: 1 | D6: FPS-17-001AA | E6: JOINT | F6: 96 | G6: 2 | H6: 1 | I6: 45999 | K6: 000023801+001 | L6: 000020764+001
A7: E8674119 | B7: J | C7: 1 | D7: FPS-17-001AA | E7: JOINT | F7: 60 | G7: 2 | H7: 1 | I7: 45999 | K7: 000025429+001 | L7: 000020764+001
A8: E8674119 | B8: J | C8: 1 | D8: FPS-17-001AA | E8: JOINT | F8: 84 | G8: 2 | H8: 1 | I8: 45999 | K8: 000025429+002 | L8: 000020764+001
A9: E8674120 | B9: J | C9: 1 | D9: FPS-17-001AA | E9: JOINT | F9: 96 | G9: 2 | H9: 1 | I9: 46031 | K9: 000021579+001
A10: E8674120 | B10: J | C10: 2 | D10: FPS-17-001AA | E10: JOINT | F10: 84 | G10: 2 | H10: 1 | I10: 46031 | K10: 000021758+001
A11: E8674120 | B11: J | C11: 3 | D11: FPS-17-001AA | E11: JOINT | F11: 96 | G11: 2 | H11: 1 | I11: 46031 | K11: 000021865+001
A12: E8674120 | B12: J | C12: 4 | D12: FPS-17-001AA | E12: JOINT | F12: 96 | G12: 2 | H12: 1 | I12: 46031 | K12: 000022039+001
A13: E8674120 | B13: J | C13: 5 | D13: FPS-17-001AA | E13: JOINT | F13: 108 | G13: 2 | H13: 1 | I13: 46031 | K13: 000022176+001
A14: E8674120 | B14: J | C14: 6 | D14: FPS-17-001AA | E14: JOINT | F14: 70 | G14: 2 | H14: 1 | I14: 46031 | K14: 000022303+001
A15: E8674121 | B15: J | C15: 1 | D15: FPS-17-001AA | E15: JOINT | F15: 16 | G15: 2 | H15: 1 | I15: 46062 | K15: 000022934+001
A16: E8674121 | B16: J | C16: 4 | D16: FPS-17-001AA | E16: JOINT | F16: 378 | G16: 2 | H16: 1 | I16: 46062 | J16: =N16 -> 3908 | K16: 000051402+001 | N16: =VLOOKUP(A16,Sheet2!A:B,2,) -> 3908
A17: E8674121 | B17: J | C17: 2 | D17: FPS-17-001AA | E17: JOINT | F17: 96 | G17: 2 | H17: 1 | I17: 46062 | K17: 000023061+001
A18: E8674121 | B18: J | C18: 3 | D18: FPS-17-001AA | E18: JOINT | F18: 60 | G18: 2 | H18: 1 | I18: 46062 | K18: 000023161+001
A19: E8714174 | B19: S | C19: 1 | D19: EP-403DB | E19: ｼﾝｸﾛﾅｽﾓｰﾀ(PTM-24AG-54 AC24V ｼｬﾌﾄｶｲｿﾞｳ) | F19: 14 | G19: 2 | H19: 1 | I19: 45975 | K19: 000020677+001 | L19: 000025352+001
A20: E8714174 | B20: S | C20: 1 | D20: EP-403DB | E20: ｼﾝｸﾛﾅｽﾓｰﾀ(PTM-24AG-54 AC24V ｼｬﾌﾄｶｲｿﾞｳ) | F20: 19 | G20: 2 | H20: 1 | I20: 45975 | K20: 000023712+001 | L20: 000025352+001
A21: E8714174 | B21: S | C21: 1 | D21: EP-403DB | E21: ｼﾝｸﾛﾅｽﾓｰﾀ(PTM-24AG-54 AC24V ｼｬﾌﾄｶｲｿﾞｳ) | F21: 8 | G21: 2 | H21: 1 | I21: 45975 | K21: 000025352+001 | L21: 000025352+001 | N21: 8？
A22: E8714174 | B22: S | C22: 1 | D22: EP-403DB | E22: ｼﾝｸﾛﾅｽﾓｰﾀ(PTM-24AG-54 AC24V ｼｬﾌﾄｶｲｿﾞｳ) | F22: 9 | G22: 2 | H22: 1 | I22: 45975 | K22: 000025352+002 | L22: 000025352+001
A23: E8749615 | B23: 1 | C23: 1 | D23: MA-12-426LB30 | E23: PIECE SKD | F23: 1500 | G23: 2 | H23: 1 | I23: 46416 | J23: 3199 | K23: 000051403+001
A24: E8749616 | B24: 1 | C24: 1 | D24: MA-12-426LB38 | E24: PIECE | F24: 1500 | G24: 2 | H24: 1 | I24: 46416 | J24: 3199 | K24: 000051403+002
A25: E8760544 | B25: R | C25: 1 | D25: EP-412AA | E25: SLIP RING ﾒﾙｺﾀｯｸ430 | F25: 90 | G25: 2 | H25: 1 | I25: 46001 | K25: 000023305+001 | L25: 000023305+001
A26: E8760545 | B26: R | C26: 1 | D26: EP-412AA | E26: SLIP RING ﾒﾙｺﾀｯｸ430 | F26: 80 | G26: 2 | H26: 1 | I26: 46031 | J26: 1420 | K26: 000051405+001
A27: E8760546 | B27: R | C27: 1 | D27: EP-412AA | E27: SLIP RING ﾒﾙｺﾀｯｸ430 | F27: 90 | G27: 2 | H27: 1 | I27: 46063 | J27: 1420 | K27: 000051405+002
A28: E8760547 | B28: R | C28: 1 | D28: EP-412AA | E28: SLIP RING ﾒﾙｺﾀｯｸ430 | F28: 90 | G28: 2 | H28: 1 | I28: 46091 | J28: 1420 | K28: 000051405+003
A29: E8760598 | B29: KK | C29: 1 | F29: 1 | K29: 000023270+001
A30: E8760599 | B30: KK | C30: 1 | F30: 1 | K30: 000023295+001
A31: E8764746 | B31: W | C31: 1 | D31: FSP-21-001AA | E31: CUTTER HOLDER PLATE | F31: 24 | G31: 2 | H31: 1 | I31: 46001 | K31: 000020827+001 | L31: 000020827+001
A32: E8764746 | B32: W | C32: 1 | D32: FSP-21-001AA | E32: CUTTER HOLDER PLATE | F32: 7 | G32: 2 | H32: 1 | I32: 46001 | K32: 000020921+001 | L32: 000020827+001
A33: E8764746 | B33: W | C33: 1 | D33: FSP-21-001AA | E33: CUTTER HOLDER PLATE | F33: 6 | G33: 2 | H33: 1 | I33: 46001 | K33: 000021047+001 | L33: 000020827+001
A34: E8764746 | B34: W | C34: 1 | D34: FSP-21-001AA | E34: CUTTER HOLDER PLATE | F34: 8 | G34: 2 | H34: 1 | I34: 46001 | K34: 000023852+001 | L34: 000020827+001
A35: E8764746 | B35: W | C35: 1 | D35: FSP-21-001AA | E35: CUTTER HOLDER PLATE | F35: 5 | G35: 2 | H35: 1 | I35: 46001 | K35: 000025345+001 | L35: 000020827+001
A36: E8772716 | B36: S | C36: 1 | D36: E-30460AB | E36: FMC40 DRIVE BOARD | F36: 42 | G36: 2 | H36: 2 | I36: 46016 | K36: 000021325+004
A37: E8772724 | B37: S | C37: 1 | D37: E-30441A | E37: CPU BOARD FOR ｺﾝﾄﾛ-ﾗ-( FMC-40 ) | F37: 4 | G37: 2 | H37: 2 | I37: 46016 | K37: 000021325+003 | L37: 000021325+003
A38: E8772733 | B38: S | C38: 1 | D38: E-30432CA | E38: POWER CONTROL BOARD | F38: 3 | G38: 2 | H38: 2 | I38: 46016 | K38: 000021325+002 | L38: 000021325+002
A39: E8772909 | B39: J | C39: 1 | D39: FPS-17-001AA | E39: JOINT | F39: 550 | G39: 2 | H39: 1 | I39: 46090 | J39: 3908 | K39: 000051407+001
A40: E8772910 | B40: J | C40: 1 | D40: FPS-17-001AA | E40: JOINT | F40: 550 | G40: 2 | H40: 1 | I40: 46121 | J40: 3908 | K40: 000051407+002
A41: E8772911 | B41: J | C41: 1 | D41: FPS-17-001AA | E41: JOINT | F41: 550 | G41: 2 | H41: 1 | I41: 46150 | J41: 3908 | K41: 000051407+003
A42: E8779458 | B42: V | C42: 1 | D42: 551818CT21C2 | E42: CYLINDER NEEDLE | F42: 2000 | G42: 2 | H42: 2 | I42: 46017 | K42: 000021474+001
A43: E8779459 | B43: V | C43: 1 | D43: 554332CT21 | E43: CYLINDER NEEDLE | F43: 550 | G43: 2 | H43: 2 | I43: 46052 | J43: 3072 | K43: 000054589+001
A44: E8782520 | B44: R | C44: 1 | D44: EP-481AA | E44: OMRON MICRO SWITCH( V-164-1A5 ) | F44: 800 | G44: 2 | H44: 1 | I44: 46013 | J44: 3608 | K44: 000051413+001
A45: E8782521 | B45: R | C45: 1 | D45: EP-481AA | E45: OMRON MICRO SWITCH( V-164-1A5 ) | F45: 800 | G45: 2 | H45: 1 | I45: 46077 | J45: 3608 | K45: 000051413+002
A46: E8786346 | B46: J | C46: 2 | D46: FPS-17-001AA | E46: JOINT | F46: 72 | G46: 2 | H46: 1 | I46: 45999 | K46: 000021066+001 | L46: 000021066+001
A47: E8786346 | B47: J | C47: 3 | D47: FPS-17-001AA | E47: JOINT | F47: 60 | G47: 2 | H47: 1 | I47: 45999 | K47: 000021187+001 | L47: 000021066+001
A48: E8786346 | B48: J | C48: 4 | D48: FPS-17-001AA | E48: JOINT | F48: 22 | G48: 2 | H48: 1 | I48: 45999 | K48: 000021456+001 | L48: 000021066+001
A49: E8786346 | B49: J | C49: 1 | D49: FPS-17-001AA | E49: JOINT | F49: 96 | G49: 2 | H49: 1 | I49: 45999 | K49: 000030973+001 | L49: 000021066+001
A50: E8786347 | B50: J | C50: 1 | D50: FPS-17-001AA | E50: JOINT | F50: 26 | G50: 2 | H50: 1 | I50: 46031 | K50: 000022303+001
A51: E8786347 | B51: J | C51: 2 | D51: FPS-17-001AA | E51: JOINT | F51: 96 | G51: 2 | H51: 1 | I51: 46031 | K51: 000022428+001
A52: E8786347 | B52: J | C52: 3 | D52: FPS-17-001AA | E52: JOINT | F52: 84 | G52: 2 | H52: 1 | I52: 46031 | K52: 000022612+001
A53: E8786347 | B53: J | C53: 4 | D53: FPS-17-001AA | E53: JOINT | F53: 36 | G53: 2 | H53: 1 | I53: 46031 | K53: 000022734+001
A54: E8786347 | B54: J | C54: 5 | D54: FPS-17-001AA | E54: JOINT | F54: 8 | G54: 2 | H54: 1 | I54: 46031 | K54: 000022934+001
A55: E8786348 | B55: J | C55: 1 | D55: FPS-17-001AA | E55: JOINT | F55: 250 | G55: 2 | H55: 1 | I55: 46062 | J55: 3908 | K55: 000051414+001
A56: E8786349 | B56: J | C56: 1 | D56: FPS-17-001AA | E56: JOINT | F56: 250 | G56: 2 | H56: 1 | I56: 46090 | J56: 3908 | K56: 000051414+002
A57: E8786350 | B57: J | C57: 1 | D57: FPS-17-001AA | E57: JOINT | F57: 250 | G57: 2 | H57: 1 | I57: 46121 | J57: 3908 | K57: 000051414+003
A58: E8786351 | B58: J | C58: 1 | D58: FPS-17-001AA | E58: JOINT | F58: 250 | G58: 2 | H58: 1 | I58: 46150 | J58: 3908 | K58: 000051414+004
A59: E8798794 | B59: PT | C59: 1 | F59: 1 | K59: 000023312+001
A60: E8798795 | B60: PT | C60: 1 | F60: 1 | K60: 000023317+001
A61: E8798797 | B61: PT | C61: 1 | F61: 1 | K61: 000023322+001
A62: E8798799 | B62: PT | C62: 1 | F62: 1 | K62: 000023328+001
A63: E8798801 | B63: PT | C63: 1 | F63: 1 | K63: 000023332+001
A64: E8798802 | B64: PT | C64: 1 | F64: 1 | K64: 000023335+001
A65: E8799297 | B65: S | C65: 1 | D65: E-31650AA | E65: INVERTER (CIMR-VA2A0030AA)200V5.5KW | F65: 1 | G65: 2 | H65: 2 | I65: 46030 | K65: 000021515+001
A66: E8799307 | B66: D | C66: 1 | D66: MA-12-489 | E66: WIRE RUNNING TRACK SW0SC-V 3.0M/M | F66: 500 | G66: 2 | H66: 1 | I66: 45996 | K66: 000023389+001 | L66: 000023389+001
A67: E8799413 | B67: MC | C67: 1 | F67: 5400 | K67: 000023340+001 | L67: 000023340+001
A68: E8799430 | B68: KK | C68: 1 | F68: 1 | K68: 000023341+001
A69: E8799431 | B69: KK | C69: 1 | F69: 1 | K69: 000023345+001
A70: E8802758 | B70: R | C70: 1 | D70: EF20-00505KA | E70: POWER SUPPLY(DC24V) PRO EC03 ﾜｲﾄﾞﾐｭﾗｰ | F70: 60 | G70: 2 | H70: 1 | I70: 46084 | J70: 3856 | K70: 000051415+001
A71: E8818997 | B71: T | C71: 1 | D71: K-26005BA | E71: CUTTER | F71: 200 | G71: 2 | H71: 2 | I71: 45993 | J71: 1498 | K71: 000021098+001 | L71: 000021098+001
A72: E8823383 | B72: Q | C72: 1 | D72: G-2507GA43 | E72: CHANGE GEAR(43NT) | F72: 250 | G72: 2 | H72: 1 | I72: 45978 | J72: 3612 | K72: 000025349+001 | L72: 000025349+001
A73: E8823384 | B73: Q | C73: 1 | D73: G-2507GA50 | E73: CHANGE GEAR(50NT) | F73: 250 | G73: 2 | H73: 1 | I73: 45978 | K73: 000025349+003 | L73: 000025349+003
A74: E8835862 | B74: 3 | C74: 1 | D74: MC-100-204AA | E74: RIGHT SIDE FRAME | F74: 5 | G74: 2 | H74: 2 | I74: 45996 | J74: 3399 | K74: 000021277+001
A75: E8836067 | B75: KK | C75: 1 | F75: 1 | K75: 000023346+001
A76: E8836068 | B76: KK | C76: 1 | F76: 1 | K76: 000023349+001
A77: E8840043 | B77: D | C77: 1 | D77: 1531-419CADA30 | E77: ASSY. WIRE RUNNING TRACK | F77: 10 | G77: 2 | H77: 1 | I77: 46031 | J77: 3725 | K77: 000051416+001
A78: E8853212 | B78: MC | C78: 1 | F78: 1 | K78: 000023359+001 | L78: 000023359+001
A79: E8853441 | B79: Q | C79: 1 | D79: 161-446GA | E79: COUNTER GEAR(HAND) | F79: 50 | G79: 2 | H79: 1 | I79: 45999 | J79: 1596 | K79: 000023334+001 | L79: 000023334+001
A80: E8853480 | B80: 3 | C80: 1 | D80: 1651-236AB | E80: STATIONARY STAND | F80: 10 | G80: 2 | H80: 1 | I80: 46001 | K80: 000023851+002
A81: E8854765 | B81: T | C81: 1 | D81: K-26005BA | E81: CUTTER | F81: 50 | G81: 2 | H81: 1 | I81: 45975 | J81: 1498 | K81: 000051417+001 | L81: 000021098+001
A82: E8857510 | B82: S | C82: 1 | D82: 162-304BA265 | E82: V BELT PULLEY | F82: 10 | G82: 2 | H82: 1 | I82: 45996 | K82: 000014798+001 | L82: 000020765+001
A83: E8857510 | B83: S | C83: 1 | D83: 162-304BA265 | E83: V BELT PULLEY | F83: 17 | G83: 2 | H83: 1 | I83: 45996 | K83: 000020765+001 | L83: 000020765+001
A84: E8857510 | B84: S | C84: 1 | D84: 162-304BA265 | E84: V BELT PULLEY | F84: 7 | G84: 2 | H84: 1 | I84: 45996 | K84: 000020848+001 | L84: 000020765+001
A85: E8857510 | B85: S | C85: 1 | D85: 162-304BA265 | E85: V BELT PULLEY | F85: 11 | G85: 2 | H85: 1 | I85: 45996 | K85: 000020982+001 | L85: 000020765+001
A86: E8857510 | B86: S | C86: 1 | D86: 162-304BA265 | E86: V BELT PULLEY | F86: 8 | G86: 2 | H86: 1 | I86: 45996 | K86: 000021065+001 | L86: 000020765+001
A87: E8857510 | B87: S | C87: 1 | D87: 162-304BA265 | E87: V BELT PULLEY | F87: 5 | G87: 2 | H87: 1 | I87: 45996 | K87: 000021188+001 | L87: 000020765+001
A88: E8857510 | B88: S | C88: 1 | D88: 162-304BA265 | E88: V BELT PULLEY | F88: 10 | G88: 2 | H88: 1 | I88: 45996 | K88: 000021457+001 | L88: 000020765+001
A89: E8857510 | B89: S | C89: 1 | D89: 162-304BA265 | E89: V BELT PULLEY | F89: 8 | G89: 2 | H89: 1 | I89: 45996 | K89: 000021580+001 | L89: 000020765+001
A90: E8857510 | B90: S | C90: 1 | D90: 162-304BA265 | E90: V BELT PULLEY | F90: 2 | G90: 2 | H90: 1 | I90: 45996 | K90: 000021759+001 | L90: 000020765+001
A91: E8857510 | B91: S | C91: 1 | D91: 162-304BA265 | E91: V BELT PULLEY | F91: 19 | G91: 2 | H91: 1 | I91: 45996 | K91: 000023450+001 | L91: 000020765+001
A92: E8857510 | B92: S | C92: 1 | D92: 162-304BA265 | E92: V BELT PULLEY | F92: 53 | G92: 2 | H92: 1 | I92: 45996 | K92: 000023800+001 | L92: 000020765+001
A93: E8858437 | B93: D | C93: 1 | D93: ES61-00309BC | E93: MAGNET NEO | F93: 2000 | G93: 2 | H93: 1 | I93: 45989 | K93: 000025370+003
A94: E8861724 | B94: I | C94: 1 | D94: MC-1631-111BA | E94: ADDITIONAL LEG | F94: 12 | G94: 2 | H94: 1 | I94: 45966 | K94: 000023299+002
A95: E8861752 | B95: T | C95: 1 | D95: G-5913GB | E95: RUBBER BAND ﾌﾞﾙ- 硬度75 硬化剤特殊 | F95: 2000 | G95: 2 | H95: 1 | I95: 46001 | K95: 000023313+001 | L95: 000023313+001
A96: E8861983 | B96: D | C96: 1 | D96: ES61-00304AB | E96: MAGNET 3X4X6TNEORBC-44H | F96: 2000 | G96: 2 | H96: 1 | I96: 45989 | K96: 000023737+001
A97: E8861984 | B97: D | C97: 1 | D97: ES61-00309AC | E97: MAGNET NEO-44H | F97: 2000 | G97: 2 | H97: 1 | I97: 45989 | K97: 000025370+001
A98: E8862110 | B98: S | C98: 1 | D98: E-31650BA | E98: INVERTER (CIMR-VA4A0018AA)400V5.5KW | F98: 3 | G98: 2 | H98: 2 | I98: 46080 | J98: 1984 | K98: 000051418+001
A99: E8864617 | B99: 3 | C99: 1 | D99: MC-KF20-03501AE | E99: RIGHT SIDE FRAME BOTTOM | F99: 30 | G99: 2 | H99: 1 | I99: 45975 | K99: 000023439+001
A100: E8864618 | B100: 3 | C100: 1 | D100: MC-KF20-03502AE | E100: LEFT SIDE FRAME BOTTOM | F100: 30 | G100: 2 | H100: 1 | I100: 45975 | K100: 000023439+002
...

Sheet xSheet1
A1: EJ発注番号 | B1: 発注担当者 | C1: EJ連番 | D1: EJ品目コード | E1: EJ品目名 | F1: EJ数 | G1: EJステータス | H1: EJ発注種別 | I1: EJ納期 | J1: EJ仕入先コード | K1: rBOM発注番号+行番号 | L1: 受入済み番号（参考） | O1: 単価
A2: E8595256 | B2: 4 | C2: 1 | D2: BRT-140X210-5 | E2: TAPER ROLLER BEARING(HR32028XJ) | F2: 2 | G2: 2 | H2: 1 | I2: 46052 | J2: 3062 | K2: 000051400+001
A3: E8674119 | B3: J | C3: 1 | D3: FPS-17-001AA | E3: JOINT | F3: 204 | G3: 2 | H3: 1 | I3: 45999 | K3: 000020764+001 | L3: 000020764+001
A4: E8674119 | B4: J | C4: 1 | D4: FPS-17-001AA | E4: JOINT | F4: 84 | G4: 2 | H4: 1 | I4: 45999 | K4: 000020847+001 | L4: 000020764+001
A5: E8674119 | B5: J | C5: 1 | D5: FPS-17-001AA | E5: JOINT | F5: 22 | G5: 2 | H5: 1 | I5: 45999 | K5: 000020981+001 | L5: 000020764+001
A6: E8674119 | B6: J | C6: 1 | D6: FPS-17-001AA | E6: JOINT | F6: 96 | G6: 2 | H6: 1 | I6: 45999 | K6: 000023801+001 | L6: 000020764+001
A7: E8674119 | B7: J | C7: 1 | D7: FPS-17-001AA | E7: JOINT | F7: 60 | G7: 2 | H7: 1 | I7: 45999 | K7: 000025429+001 | L7: 000020764+001
A8: E8674119 | B8: J | C8: 1 | D8: FPS-17-001AA | E8: JOINT | F8: 84 | G8: 2 | H8: 1 | I8: 45999 | K8: 000025429+002 | L8: 000020764+001
A9: E8674120 | B9: J | C9: 1 | D9: FPS-17-001AA | E9: JOINT | F9: 96 | G9: 2 | H9: 1 | I9: 46031 | K9: 000021579+001
A10: E8674120 | B10: J | C10: 2 | D10: FPS-17-001AA | E10: JOINT | F10: 84 | G10: 2 | H10: 1 | I10: 46031 | K10: 000021758+001
A11: E8674120 | B11: J | C11: 3 | D11: FPS-17-001AA | E11: JOINT | F11: 96 | G11: 2 | H11: 1 | I11: 46031 | K11: 000021865+001
A12: E8674120 | B12: J | C12: 4 | D12: FPS-17-001AA | E12: JOINT | F12: 96 | G12: 2 | H12: 1 | I12: 46031 | K12: 000022039+001
A13: E8674120 | B13: J | C13: 5 | D13: FPS-17-001AA | E13: JOINT | F13: 108 | G13: 2 | H13: 1 | I13: 46031 | K13: 000022176+001
A14: E8674120 | B14: J | C14: 6 | D14: FPS-17-001AA | E14: JOINT | F14: 70 | G14: 2 | H14: 1 | I14: 46031 | K14: 000022303+001
A15: E8674121 | B15: J | C15: 1 | D15: FPS-17-001AA | E15: JOINT | F15: 16 | G15: 2 | H15: 1 | I15: 46062 | K15: 000022934+001
A16: E8674121 | B16: J | C16: 4 | D16: FPS-17-001AA | E16: JOINT | F16: 378 | G16: 2 | H16: 1 | I16: 46062 | J16: =N16 -> 3908 | K16: 000022934+001 | N16: =VLOOKUP(A16,Sheet2!A:B,2,) -> 3908
A17: E8674121 | B17: J | C17: 2 | D17: FPS-17-001AA | E17: JOINT | F17: 96 | G17: 2 | H17: 1 | I17: 46062 | K17: 000023061+001
A18: E8674121 | B18: J | C18: 3 | D18: FPS-17-001AA | E18: JOINT | F18: 60 | G18: 2 | H18: 1 | I18: 46062 | K18: 000023161+001
A19: E8714174 | B19: S | C19: 1 | D19: EP-403DB | E19: ｼﾝｸﾛﾅｽﾓｰﾀ(PTM-24AG-54 AC24V ｼｬﾌﾄｶｲｿﾞｳ) | F19: 14 | G19: 2 | H19: 1 | I19: 45975 | K19: 000020677+001 | L19: 000025352+001
A20: E8714174 | B20: S | C20: 1 | D20: EP-403DB | E20: ｼﾝｸﾛﾅｽﾓｰﾀ(PTM-24AG-54 AC24V ｼｬﾌﾄｶｲｿﾞｳ) | F20: 19 | G20: 2 | H20: 1 | I20: 45975 | K20: 000023712+001 | L20: 000025352+001
A21: E8714174 | B21: S | C21: 1 | D21: EP-403DB | E21: ｼﾝｸﾛﾅｽﾓｰﾀ(PTM-24AG-54 AC24V ｼｬﾌﾄｶｲｿﾞｳ) | F21: 8 | G21: 2 | H21: 1 | I21: 45975 | K21: 000025352+001 | L21: 000025352+001 | N21: 8？
A22: E8714174 | B22: S | C22: 1 | D22: EP-403DB | E22: ｼﾝｸﾛﾅｽﾓｰﾀ(PTM-24AG-54 AC24V ｼｬﾌﾄｶｲｿﾞｳ) | F22: 9 | G22: 2 | H22: 1 | I22: 45975 | K22: 000025352+002 | L22: 000025352+001
A23: E8749615 | B23: 1 | C23: 1 | D23: MA-12-426LB30 | E23: PIECE SKD | F23: 1500 | G23: 2 | H23: 1 | I23: 46416 | J23: 3199 | K23: 000051403+001
A24: E8749616 | B24: 1 | C24: 1 | D24: MA-12-426LB38 | E24: PIECE | F24: 1500 | G24: 2 | H24: 1 | I24: 46416 | J24: 3199 | K24: 000051403+002
A25: E8760544 | B25: R | C25: 1 | D25: EP-412AA | E25: SLIP RING ﾒﾙｺﾀｯｸ430 | F25: 90 | G25: 2 | H25: 1 | I25: 46001 | K25: 000023305+001 | L25: 000023305+001
A26: E8760545 | B26: R | C26: 1 | D26: EP-412AA | E26: SLIP RING ﾒﾙｺﾀｯｸ430 | F26: 80 | G26: 2 | H26: 1 | I26: 46031 | J26: 1420 | K26: 000051405+001
A27: E8760546 | B27: R | C27: 1 | D27: EP-412AA | E27: SLIP RING ﾒﾙｺﾀｯｸ430 | F27: 90 | G27: 2 | H27: 1 | I27: 46063 | J27: 1420 | K27: 000051405+002
A28: E8760547 | B28: R | C28: 1 | D28: EP-412AA | E28: SLIP RING ﾒﾙｺﾀｯｸ430 | F28: 90 | G28: 2 | H28: 1 | I28: 46091 | J28: 1420 | K28: 000051405+003
A29: E8760598 | B29: KK | C29: 1 | F29: 1 | K29: 000023270+001
A30: E8760599 | B30: KK | C30: 1 | F30: 1 | K30: 000023295+001
A31: E8764746 | B31: W | C31: 1 | D31: FSP-21-001AA | E31: CUTTER HOLDER PLATE | F31: 24 | G31: 2 | H31: 1 | I31: 46001 | K31: 000020827+001 | L31: 000020827+001
A32: E8764746 | B32: W | C32: 1 | D32: FSP-21-001AA | E32: CUTTER HOLDER PLATE | F32: 7 | G32: 2 | H32: 1 | I32: 46001 | K32: 000020921+001 | L32: 000020827+001
A33: E8764746 | B33: W | C33: 1 | D33: FSP-21-001AA | E33: CUTTER HOLDER PLATE | F33: 6 | G33: 2 | H33: 1 | I33: 46001 | K33: 000021047+001 | L33: 000020827+001
A34: E8764746 | B34: W | C34: 1 | D34: FSP-21-001AA | E34: CUTTER HOLDER PLATE | F34: 8 | G34: 2 | H34: 1 | I34: 46001 | K34: 000023852+001 | L34: 000020827+001
A35: E8764746 | B35: W | C35: 1 | D35: FSP-21-001AA | E35: CUTTER HOLDER PLATE | F35: 5 | G35: 2 | H35: 1 | I35: 46001 | K35: 000025345+001 | L35: 000020827+001
A36: E8772716 | B36: S | C36: 1 | D36: E-30460AB | E36: FMC40 DRIVE BOARD | F36: 42 | G36: 2 | H36: 2 | I36: 46016 | K36: 000021325+004
A37: E8772724 | B37: S | C37: 1 | D37: E-30441A | E37: CPU BOARD FOR ｺﾝﾄﾛ-ﾗ-( FMC-40 ) | F37: 4 | G37: 2 | H37: 2 | I37: 46016 | K37: 000021325+003 | L37: 000021325+003
A38: E8772733 | B38: S | C38: 1 | D38: E-30432CA | E38: POWER CONTROL BOARD | F38: 3 | G38: 2 | H38: 2 | I38: 46016 | K38: 000021325+002 | L38: 000021325+002
A39: E8772909 | B39: J | C39: 1 | D39: FPS-17-001AA | E39: JOINT | F39: 550 | G39: 2 | H39: 1 | I39: 46090 | J39: 3908 | K39: 000051407+001
A40: E8772910 | B40: J | C40: 1 | D40: FPS-17-001AA | E40: JOINT | F40: 550 | G40: 2 | H40: 1 | I40: 46121 | J40: 3908 | K40: 000051407+002
A41: E8772911 | B41: J | C41: 1 | D41: FPS-17-001AA | E41: JOINT | F41: 550 | G41: 2 | H41: 1 | I41: 46150 | J41: 3908 | K41: 000051407+003
A42: E8779458 | B42: V | C42: 1 | D42: 551818CT21C2 | E42: CYLINDER NEEDLE | F42: 2000 | G42: 2 | H42: 2 | I42: 46017 | K42: 000021474+001
A43: E8779459 | B43: V | C43: 1 | D43: 554332CT21 | E43: CYLINDER NEEDLE | F43: 550 | G43: 2 | H43: 2 | I43: 46052 | J43: 3072 | K43: 000054589+001
A44: E8782520 | B44: R | C44: 1 | D44: EP-481AA | E44: OMRON MICRO SWITCH( V-164-1A5 ) | F44: 800 | G44: 2 | H44: 1 | I44: 46013 | J44: 3608 | K44: 000051413+001
A45: E8782521 | B45: R | C45: 1 | D45: EP-481AA | E45: OMRON MICRO SWITCH( V-164-1A5 ) | F45: 800 | G45: 2 | H45: 1 | I45: 46077 | J45: 3608 | K45: 000051413+002
A46: E8786346 | B46: J | C46: 2 | D46: FPS-17-001AA | E46: JOINT | F46: 72 | G46: 2 | H46: 1 | I46: 45999 | K46: 000021066+001 | L46: 000021066+001
A47: E8786346 | B47: J | C47: 3 | D47: FPS-17-001AA | E47: JOINT | F47: 60 | G47: 2 | H47: 1 | I47: 45999 | K47: 000021187+001 | L47: 000021066+001
A48: E8786346 | B48: J | C48: 4 | D48: FPS-17-001AA | E48: JOINT | F48: 22 | G48: 2 | H48: 1 | I48: 45999 | K48: 000021456+001 | L48: 000021066+001
A49: E8786346 | B49: J | C49: 1 | D49: FPS-17-001AA | E49: JOINT | F49: 96 | G49: 2 | H49: 1 | I49: 45999 | K49: 000030973+001 | L49: 000021066+001
A50: E8786347 | B50: J | C50: 1 | D50: FPS-17-001AA | E50: JOINT | F50: 26 | G50: 2 | H50: 1 | I50: 46031 | K50: 000022303+001
A51: E8786347 | B51: J | C51: 2 | D51: FPS-17-001AA | E51: JOINT | F51: 96 | G51: 2 | H51: 1 | I51: 46031 | K51: 000022428+001
A52: E8786347 | B52: J | C52: 3 | D52: FPS-17-001AA | E52: JOINT | F52: 84 | G52: 2 | H52: 1 | I52: 46031 | K52: 000022612+001
A53: E8786347 | B53: J | C53: 4 | D53: FPS-17-001AA | E53: JOINT | F53: 36 | G53: 2 | H53: 1 | I53: 46031 | K53: 000022734+001
A54: E8786347 | B54: J | C54: 5 | D54: FPS-17-001AA | E54: JOINT | F54: 8 | G54: 2 | H54: 1 | I54: 46031 | K54: 000022934+001
A55: E8786348 | B55: J | C55: 1 | D55: FPS-17-001AA | E55: JOINT | F55: 250 | G55: 2 | H55: 1 | I55: 46062 | J55: 3908 | K55: 000051414+001
A56: E8786349 | B56: J | C56: 1 | D56: FPS-17-001AA | E56: JOINT | F56: 250 | G56: 2 | H56: 1 | I56: 46090 | J56: 3908 | K56: 000051414+002
A57: E8786350 | B57: J | C57: 1 | D57: FPS-17-001AA | E57: JOINT | F57: 250 | G57: 2 | H57: 1 | I57: 46121 | J57: 3908 | K57: 000051414+003
A58: E8786351 | B58: J | C58: 1 | D58: FPS-17-001AA | E58: JOINT | F58: 250 | G58: 2 | H58: 1 | I58: 46150 | J58: 3908 | K58: 000051414+004
A59: E8798794 | B59: PT | C59: 1 | F59: 1 | K59: 000023312+001
A60: E8798795 | B60: PT | C60: 1 | F60: 1 | K60: 000023317+001
A61: E8798797 | B61: PT | C61: 1 | F61: 1 | K61: 000023322+001
A62: E8798799 | B62: PT | C62: 1 | F62: 1 | K62: 000023328+001
A63: E8798801 | B63: PT | C63: 1 | F63: 1 | K63: 000023332+001
A64: E8798802 | B64: PT | C64: 1 | F64: 1 | K64: 000023335+001
A65: E8799297 | B65: S | C65: 1 | D65: E-31650AA | E65: INVERTER (CIMR-VA2A0030AA)200V5.5KW | F65: 1 | G65: 2 | H65: 2 | I65: 46030 | K65: 000021515+001
A66: E8799307 | B66: D | C66: 1 | D66: MA-12-489 | E66: WIRE RUNNING TRACK SW0SC-V 3.0M/M | F66: 500 | G66: 2 | H66: 1 | I66: 45996 | K66: 000023389+001 | L66: 000023389+001
A67: E8799413 | B67: MC | C67: 1 | F67: 5400 | K67: 000023340+001 | L67: 000023340+001
A68: E8799430 | B68: KK | C68: 1 | F68: 1 | K68: 000023341+001
A69: E8799431 | B69: KK | C69: 1 | F69: 1 | K69: 000023345+001
A70: E8802758 | B70: R | C70: 1 | D70: EF20-00505KA | E70: POWER SUPPLY(DC24V) PRO EC03 ﾜｲﾄﾞﾐｭﾗｰ | F70: 60 | G70: 2 | H70: 1 | I70: 46084 | J70: 3856 | K70: 000051415+001
A71: E8818997 | B71: T | C71: 1 | D71: K-26005BA | E71: CUTTER | F71: 200 | G71: 2 | H71: 2 | I71: 45993 | J71: 1498 | K71: 000021098+001 | L71: 000021098+001
A72: E8823383 | B72: Q | C72: 1 | D72: G-2507GA43 | E72: CHANGE GEAR(43NT) | F72: 250 | G72: 2 | H72: 1 | I72: 45978 | J72: 3612 | K72: 000025349+001 | L72: 000025349+001
A73: E8823384 | B73: Q | C73: 1 | D73: G-2507GA50 | E73: CHANGE GEAR(50NT) | F73: 250 | G73: 2 | H73: 1 | I73: 45978 | K73: 000025349+003 | L73: 000025349+003
A74: E8835862 | B74: 3 | C74: 1 | D74: MC-100-204AA | E74: RIGHT SIDE FRAME | F74: 5 | G74: 2 | H74: 2 | I74: 45996 | J74: 3399 | K74: 000021277+001
A75: E8836067 | B75: KK | C75: 1 | F75: 1 | K75: 000023346+001
A76: E8836068 | B76: KK | C76: 1 | F76: 1 | K76: 000023349+001
A77: E8840043 | B77: D | C77: 1 | D77: 1531-419CADA30 | E77: ASSY. WIRE RUNNING TRACK | F77: 10 | G77: 2 | H77: 1 | I77: 46031 | J77: 3725 | K77: 000051416+001
A78: E8853212 | B78: MC | C78: 1 | F78: 1 | K78: 000023359+001 | L78: 000023359+001
A79: E8853441 | B79: Q | C79: 1 | D79: 161-446GA | E79: COUNTER GEAR(HAND) | F79: 50 | G79: 2 | H79: 1 | I79: 45999 | J79: 1596 | K79: 000023334+001 | L79: 000023334+001
A80: E8853480 | B80: 3 | C80: 1 | D80: 1651-236AB | E80: STATIONARY STAND | F80: 10 | G80: 2 | H80: 1 | I80: 46001 | K80: 000023851+002
A81: E8854765 | B81: T | C81: 1 | D81: K-26005BA | E81: CUTTER | F81: 50 | G81: 2 | H81: 1 | I81: 45975 | J81: 1498 | K81: 000051417+001 | L81: 000021098+001
A82: E8857510 | B82: S | C82: 1 | D82: 162-304BA265 | E82: V BELT PULLEY | F82: 10 | G82: 2 | H82: 1 | I82: 45996 | K82: 000014798+001 | L82: 000020765+001
A83: E8857510 | B83: S | C83: 1 | D83: 162-304BA265 | E83: V BELT PULLEY | F83: 17 | G83: 2 | H83: 1 | I83: 45996 | K83: 000020765+001 | L83: 000020765+001
A84: E8857510 | B84: S | C84: 1 | D84: 162-304BA265 | E84: V BELT PULLEY | F84: 7 | G84: 2 | H84: 1 | I84: 45996 | K84: 000020848+001 | L84: 000020765+001
A85: E8857510 | B85: S | C85: 1 | D85: 162-304BA265 | E85: V BELT PULLEY | F85: 11 | G85: 2 | H85: 1 | I85: 45996 | K85: 000020982+001 | L85: 000020765+001
A86: E8857510 | B86: S | C86: 1 | D86: 162-304BA265 | E86: V BELT PULLEY | F86: 8 | G86: 2 | H86: 1 | I86: 45996 | K86: 000021065+001 | L86: 000020765+001
A87: E8857510 | B87: S | C87: 1 | D87: 162-304BA265 | E87: V BELT PULLEY | F87: 5 | G87: 2 | H87: 1 | I87: 45996 | K87: 000021188+001 | L87: 000020765+001
A88: E8857510 | B88: S | C88: 1 | D88: 162-304BA265 | E88: V BELT PULLEY | F88: 10 | G88: 2 | H88: 1 | I88: 45996 | K88: 000021457+001 | L88: 000020765+001
A89: E8857510 | B89: S | C89: 1 | D89: 162-304BA265 | E89: V BELT PULLEY | F89: 8 | G89: 2 | H89: 1 | I89: 45996 | K89: 000021580+001 | L89: 000020765+001
A90: E8857510 | B90: S | C90: 1 | D90: 162-304BA265 | E90: V BELT PULLEY | F90: 2 | G90: 2 | H90: 1 | I90: 45996 | K90: 000021759+001 | L90: 000020765+001
A91: E8857510 | B91: S | C91: 1 | D91: 162-304BA265 | E91: V BELT PULLEY | F91: 19 | G91: 2 | H91: 1 | I91: 45996 | K91: 000023450+001 | L91: 000020765+001
A92: E8857510 | B92: S | C92: 1 | D92: 162-304BA265 | E92: V BELT PULLEY | F92: 53 | G92: 2 | H92: 1 | I92: 45996 | K92: 000023800+001 | L92: 000020765+001
A93: E8858437 | B93: D | C93: 1 | D93: ES61-00309BC | E93: MAGNET NEO | F93: 2000 | G93: 2 | H93: 1 | I93: 45989 | K93: 000025370+003
A94: E8861724 | B94: I | C94: 1 | D94: MC-1631-111BA | E94: ADDITIONAL LEG | F94: 12 | G94: 2 | H94: 1 | I94: 45966 | K94: 000023299+002
A95: E8861752 | B95: T | C95: 1 | D95: G-5913GB | E95: RUBBER BAND ﾌﾞﾙ- 硬度75 硬化剤特殊 | F95: 2000 | G95: 2 | H95: 1 | I95: 46001 | K95: 000023313+001 | L95: 000023313+001
A96: E8861983 | B96: D | C96: 1 | D96: ES61-00304AB | E96: MAGNET 3X4X6TNEORBC-44H | F96: 2000 | G96: 2 | H96: 1 | I96: 45989 | K96: 000023737+001
A97: E8861984 | B97: D | C97: 1 | D97: ES61-00309AC | E97: MAGNET NEO-44H | F97: 2000 | G97: 2 | H97: 1 | I97: 45989 | K97: 000025370+001
A98: E8862110 | B98: S | C98: 1 | D98: E-31650BA | E98: INVERTER (CIMR-VA4A0018AA)400V5.5KW | F98: 3 | G98: 2 | H98: 2 | I98: 46080 | J98: 1984 | K98: 000051418+001
A99: E8864617 | B99: 3 | C99: 1 | D99: MC-KF20-03501AE | E99: RIGHT SIDE FRAME BOTTOM | F99: 30 | G99: 2 | H99: 1 | I99: 45975 | K99: 000023439+001
A100: E8864618 | B100: 3 | C100: 1 | D100: MC-KF20-03502AE | E100: LEFT SIDE FRAME BOTTOM | F100: 30 | G100: 2 | H100: 1 | I100: 45975 | K100: 000023439+002
...

Sheet 注意事項
A1: EJ発注において、2025年10月以前の納期分はマッピングされていません。 そのため、受入時に都度手配を作成して対応する予定です。 ※古い納期（2015年～多数の発注書がある）が残り続けているためです。
A3: マスタの仕入先や単価が異なる箇所については、手修正を行っています。

Sheet Sheet2
A1: 172.17.107.102/expj(Direct) : 2025/12/15 13:10:59
A2: PUCH_ODR_CD | B2: VEND_CD | C2: UNIT_COST
A3: E8049257 | B3: 3399 | C3: 8475
A4: E8595256 | B4: 3062 | C4: 12400
A5: E8630403 | B5: 3264 | C5: 8843
A6: E8630404 | B6: 3264 | C6: 8843
A7: E8630405 | B7: 3264 | C7: 8843
A8: E8652411 | B8: 3399 | C8: 34790
A9: E8652412 | B9: 3399 | C9: 35230
A10: E8674119 | B10: 3908 | C10: 580
A11: E8674120 | B11: 3908 | C11: 580
A12: E8674121 | B12: 3908 | C12: 580
A13: E8714174 | B13: 2950 | C13: 4000
A14: E8749570 | B14: 3318 | C14: 141895
... A8014: E9050785 | B8014: 3724 | C8014: 748
